UID,D1,D2
T0,0.9429185361607185,72
T1,0.49666764022594256,-2
T2,0.6702468383226863,14
T3,0.5125276690051345,4
T4,0.35505734869044914,66
T5,0.018567222411082773,67
T6,0.8068179947455132,80
T7,0.2654497909032951,53
T8,0.5644380832780448,39
T9,0.42810079352218244,5
